CREATE DATABASE  IF NOT EXISTS `leadtics` /*!40100 DEFAULT CHARACTER SET utf8mb4 COLLATE utf8mb4_spanish2_ci */ /*!80016 DEFAULT ENCRYPTION='N' */;
USE `leadtics`;
-- MySQL dump 10.13  Distrib 8.0.34, for Win64 (x86_64)
--
-- Host: 127.0.0.1    Database: leadtics
-- ------------------------------------------------------
-- Server version	8.2.0

/*!40101 SET @OLD_CHARACTER_SET_CLIENT=@@CHARACTER_SET_CLIENT */;
/*!40101 SET @OLD_CHARACTER_SET_RESULTS=@@CHARACTER_SET_RESULTS */;
/*!40101 SET @OLD_COLLATION_CONNECTION=@@COLLATION_CONNECTION */;
/*!50503 SET NAMES utf8 */;
/*!40103 SET @OLD_TIME_ZONE=@@TIME_ZONE */;
/*!40103 SET TIME_ZONE='+00:00' */;
/*!40014 SET @OLD_UNIQUE_CHECKS=@@UNIQUE_CHECKS, UNIQUE_CHECKS=0 */;
/*!40014 SET @OLD_FOREIGN_KEY_CHECKS=@@FOREIGN_KEY_CHECKS, FOREIGN_KEY_CHECKS=0 */;
/*!40101 SET @OLD_SQL_MODE=@@SQL_MODE, SQL_MODE='NO_AUTO_VALUE_ON_ZERO' */;
/*!40111 SET @OLD_SQL_NOTES=@@SQL_NOTES, SQL_NOTES=0 */;

--
-- Table structure for table `lead`
--

DROP TABLE IF EXISTS `lead`;
/*!40101 SET @saved_cs_client     = @@character_set_client */;
/*!50503 SET character_set_client = utf8mb4 */;
CREATE TABLE `lead` (
  `IDLead` int unsigned NOT NULL AUTO_INCREMENT,
  `IDUsuario` int unsigned DEFAULT NULL,
  `Nombre` varchar(64) CHARACTER SET utf8mb3 COLLATE utf8mb3_general_ci NOT NULL,
  `Telefono` varchar(16) CHARACTER SET utf8mb3 COLLATE utf8mb3_general_ci DEFAULT NULL,
  `Correo` varchar(128) CHARACTER SET utf8mb3 COLLATE utf8mb3_general_ci DEFAULT NULL,
  `Compania` varchar(64) CHARACTER SET utf8mb3 COLLATE utf8mb3_spanish2_ci DEFAULT NULL,
  `Asignadoa` varchar(64) CHARACTER SET utf8mb3 COLLATE utf8mb3_spanish2_ci NOT NULL,
  `Creado` date NOT NULL,
  `Horadecreacion` time NOT NULL,
  `Fechadeprimermensaje` date DEFAULT NULL,
  `Horadelprimermensaje` time DEFAULT NULL,
  `Primermensaje` varchar(1024) CHARACTER SET utf8mb3 COLLATE utf8mb3_general_ci DEFAULT NULL,
  `Fechadeultimomensaje` date DEFAULT NULL,
  `Horadelultimomensaje` time DEFAULT NULL,
  `Ultimomensaje` varchar(1024) CHARACTER SET utf8mb3 COLLATE utf8mb3_general_ci DEFAULT NULL,
  `Status` varchar(32) CHARACTER SET utf8mb3 COLLATE utf8mb3_general_ci DEFAULT NULL,
  `EstadodeLead` varchar(64) CHARACTER SET utf8mb3 COLLATE utf8mb3_general_ci DEFAULT NULL,
  `Embudo` varchar(32) CHARACTER SET utf8mb3 COLLATE utf8mb3_general_ci NOT NULL,
  `Etapa` varchar(32) CHARACTER SET utf8mb3 COLLATE utf8mb3_general_ci DEFAULT NULL,
  `Archivado` varchar(3) CHARACTER SET utf8mb3 COLLATE utf8mb3_general_ci NOT NULL,
  `CreadoManualmente` varchar(16) CHARACTER SET utf8mb3 COLLATE utf8mb3_spanish2_ci NOT NULL DEFAULT '0',
  `Valor` varchar(45) CHARACTER SET utf8mb3 COLLATE utf8mb3_spanish2_ci DEFAULT NULL,
  `Ganado` varchar(45) CHARACTER SET utf8mb3 COLLATE utf8mb3_spanish2_ci DEFAULT NULL,
  `Etiquetas` varchar(45) CHARACTER SET utf8mb3 COLLATE utf8mb3_spanish2_ci DEFAULT NULL,
  `FechaHoraEliminado` timestamp NULL DEFAULT NULL,
  PRIMARY KEY (`IDLead`),
  KEY `IDUsuario_idx` (`IDUsuario`)
) ENGINE=InnoDB AUTO_INCREMENT=102 DEFAULT CHARSET=utf8mb3 COLLATE=utf8mb3_spanish2_ci;
/*!40101 SET character_set_client = @saved_cs_client */;

--
-- Dumping data for table `lead`
--

LOCK TABLES `lead` WRITE;
/*!40000 ALTER TABLE `lead` DISABLE KEYS */;
INSERT INTO `lead` VALUES (1,8,'naruby','5218333245872','','','Oscar Adrián Gutiérrez','2022-09-22','22:08:39','2022-09-22','22:09:12','Hola mucho gusto  soy Monse de la tienda erizoomexico.com????\\nPuedes comentarme todas tus dudas\"\"','2022-09-26','18:57:59',':D\"\"','NEUTRAL','','Erizoo México','Limpieza 1','No','TRUE',NULL,NULL,NULL,NULL),(2,3,'Pertenencia De JK ???','5217122755999','','','Jorge Arturo Jaramillo','2023-01-02','11:21:54','2023-01-02','11:21:55','Hola mucho gusto  soy Monse de la tienda erizoomexico.com????\\nPuedes comentarme todas tus dudas\"\"','2023-01-12','13:29:09','Hola Eriamigo  te escribo de erizoomexico.com ??\\nHace un tiempo nos contaste que te interesaba tener un eribebé en tu vida  pero ya no tuvimos más noticias ????\\n\\n¿Te gustaría continuar tu proceso?\\n\\n Contamos con planes de:\\n? Apartado de $400 e ir pagando poco a poco (oxxo  transferencia  depósito)  se envía al liquidar. \\n? Eribebés de envío inmediato y 3 meses sin intereses con tarjetas de crédito.\\n\\n ¿Qué te parece? Te puedo agregar un regalo especial en tu compra ????\"\"','NEUTRAL','','Erizoo México','Limpieza 1','No','FALSE',NULL,NULL,NULL,NULL),(3,10,'German Garcia','5216865267275','','','Pedro Nodal','2023-06-12','17:08:57','2023-06-12','17:08:58','Vi esto en Instagram...\"\"','2023-06-30','15:27:51','*Hola Eriamigo*  te escribo de erizoomexico.com ??\\nHace un tiempo nos contaste que te interesaba tener un eribebé en tu vida  pero ya no tuvimos más noticias ????\\n\\n*¿Te gustaría continuar tu proceso?*\\n\\n Contamos con planes de:\\n? Apartado de $400 e ir pagando poco a poco (oxxo  transferencia  depósito)  se envía al liquidar. \\n? Eribebés de envío inmediato y 3 meses sin intereses con tarjetas de crédito.\"\"','NEUTRAL','','Erizoo México','Limpieza 1','No','FALSE',NULL,NULL,NULL,NULL),(4,15,'','5218281350337','','','Natalia Sánchez','2022-03-13','19:05:33','2022-03-13','19:05:34','Enlace:\\nhttps://fb.me/1tDJJ2kaw\\n\\nMe interesa un Eribebé\"\"','2022-03-31','09:18:36','image\"\"','NEUTRAL','','Erizoo México','Limpieza 1','No','FALSE',NULL,NULL,NULL,NULL),(5,14,'','5213317542383','','','Andrés Fernández','2023-06-27','17:06:23','2023-06-27','17:06:24','Buen día!\\nMe gustaría saber el precio de un erizo ????\"\"','2023-07-15','21:22:11','Hola Eriamigo  te escribo de erizoomexico.com ??\\nHace un tiempo nos contaste que te interesaba tener un eribebé en tu vida  pero ya no tuvimos más noticias ????\\n\\n¿Te gustaría continuar tu proceso?\\n\\n Contamos con planes de:\\n? Apartado de $400 e ir pagando poco a poco (oxxo  transferencia  depósito)  se envía al liquidar. \\n? Eribebés de envío inmediato y 3 meses sin intereses con tarjetas de crédito.\"\"','NEUTRAL','','Erizoo México','Limpieza 1','No','FALSE',NULL,NULL,NULL,NULL),(6,17,'Steff??','5215611084681','','','Karen García','2022-11-27','21:10:39','2022-11-27','21:10:39','¡Hola! Podrías darme más información de...\"\"','2023-06-10','19:56:02','image\"\"','NEUTRAL','','Erizoo México','Limpieza 1','No','FALSE',NULL,NULL,NULL,NULL),(8,19,'Fernanda??','5215513372983','','','Yaretzia Martínez','2022-04-07','18:12:26','2022-04-07','18:12:27','Hola Erizoo ??  estaba en Facebook y tengo la siguiente pregunta... venden erizos?\"\"','2022-04-23','08:26:12','image\"\"','NEUTRAL','','Erizoo México','Limpieza 1','No','FALSE',NULL,NULL,NULL,NULL),(9,18,'Carolina Avila','5214772211742','','','Anastasia de Sión','2022-08-15','18:29:18','2022-08-15','18:29:18','Quiero hablar con  un asesor\"\"','2022-09-06','20:50:17','Hacer tu pedido es muy fácil  mira:\\n\\n1?? Entra a:  https://erizoomexico.com/tienda \\n2?? Agrega todo lo que desees a tu carrito. Tenemos accesorios y paquetes ?? \\n3?? Da clic en finalizar compra e introduce los datos para hacer el envío.\\n4?? Selecciona tu método de pago: (pago con tarjeta  depósito en oxxo y tiendas  banco o transferencia en tu app del banco  mercado pago  tarjeta de crédito o pagos a quincenas sin tarjeta de crédito con KueskiPay y NanoPlazo)\\n\\n? Al finalizar te dará un numero de pedido  me indicas para darte seguimiento ?? \\n? Recuerda que estoy para resolver todas tus dudas. \\n?? También contamos con sistema de apartado desde $400 y vas pagando poco a poco  se envía al liquidar...\\n?Contamos con 3 meses sin intereses al pagar con tarjeta de crédito.\"\"','NEUTRAL','','Erizoo México','Limpieza 1','No','FALSE',NULL,NULL,NULL,NULL),(10,12,'Bushito???','5215618461844','','','Karla Mijares','2022-07-23','20:06:31','2022-07-23','20:06:32','Que tal buenas tardes\"\"','2022-07-28','15:51:23','¡Hola  te escribo para saber si hay algo en lo que te pueda ayudar ¿Conoces las formas de compra? ¿Una duda en la que te podrían ayudar? ??\\r\\n\\r\\nRecuerda que puedes apartar con solo $400 e ir pagando poco a poco dependiendo a tu ritmo. También puedes pagar con KueskiPay y NanoPlazo en nuestra tienda hasta 12 quincenas sin tarjeta de crédito  sólo debes ser mayor de edad.\\r\\n\\r\\n¿Te gustaría continuar con tu proceso? ???\"\"','NEUTRAL','','Erizoo México','Limpieza 1','No','FALSE',NULL,NULL,NULL,NULL),(11,3,'Ana Fernanda Diaz Briseño','5216181658907','','','Jorge Arturo Jaramillo','2023-08-10','11:41:07','2023-08-10','11:41:07','¡Hola! Podrías darme más información de...\"\"','2023-08-10','11:49:04','Bloqueado\"\"','NEUTRAL','','Erizoo México','Otros','No','FALSE',NULL,NULL,NULL,NULL),(13,4,'','5214891195029','','','Hugo González','2023-07-04','09:44:25','2023-07-04','09:44:26','¡Hola! Podrías darme más información de...los erizos\"\"','2023-07-20','10:38:19','Hola Eriamigo  te escribo de erizoomexico.com ??\\r\\nHace un tiempo nos contaste que te interesaba tener un eribebé en tu vida  pero ya no tuvimos más noticias ????\\r\\n\\r\\n¿Te gustaría continuar tu proceso?\\r\\n\\r\\n Contamos con planes de:\\r\\n? Apartado de $400 e ir pagando poco a poco (oxxo  transferencia  depósito)  se envía al liquidar. \\r\\n? Eribebés de envío inmediato y 3 meses sin intereses con tarjetas de crédito.\\r\\n\\r\\n ¿Qué te parece? Te puedo agregar un regalo especial en tu compra ????\"\"','NEUTRAL','','Erizoo México','Limpieza 1','No','FALSE',NULL,NULL,NULL,NULL),(14,7,'Nay ??','5215531184266','','','Antonio Balderas','2022-08-25','10:57:02','2022-08-25','10:57:03','Vi esto en Facebook...\"\"','2022-10-13','15:32:46','¿Ya conoces nuestra promoción? Cuéntame tus dudas\"\"','NEUTRAL','','Erizoo México','Limpieza 1','No','FALSE',NULL,NULL,NULL,NULL),(15,9,'','5216188393133','','','Justin Mahomes','2023-05-14','09:04:09','2023-05-14','09:04:10','Vi esto en Facebook... costo?\"\"','2023-06-01','10:24:38','*Hola Eriamigo*  te escribo de erizoomexico.com ??\\nHace un tiempo nos contaste que te interesaba tener un eribebé en tu vida  pero ya no tuvimos más noticias ????\\n\\n*¿Te gustaría continuar tu proceso?*\\n\\n Contamos con planes de:\\n? Apartado de $400 e ir pagando poco a poco (oxxo  transferencia  depósito)  se envía al liquidar. \\n? Eribebés de envío inmediato y 3 meses sin intereses con tarjetas de crédito.\"\"','NEUTRAL','','Erizoo México','Limpieza 1','No','FALSE',NULL,NULL,NULL,NULL),(16,10,'Adrian Flores','5215513572240','','','Pedro Nodal','2022-04-27','20:49:37','2022-04-27','20:49:38','Hola Erizoo ¿Cuáles son las promociones de ANIVERSARIO? ????\"\"','2022-06-08','10:19:28','Hola  soy tu asesor de erizoomexico.com\\n\\n ¡Tenemos un nuevo programa que nos va ayudar a brindarte una mejor atención!\\n\\nEste es nuestro número nuevo  el número anterior estará dado de baja. Cualquier duda que tengas  la resolveremos por este medio o en el número fijo de oficina (llamadas) 4611033959 ??\"\"','NEUTRAL','','Erizoo México','Limpieza 1','No','FALSE',NULL,NULL,NULL,NULL),(17,16,'MADIGA','5212296248482','','','Sarahí Pérez','2023-05-15','11:06:12','2023-05-15','11:06:13','Vi esto en Instagram...\"\"','2023-06-15','09:56:18','Hola Eriamigo  te escribo de erizoomexico.com ??\\r\\nHace un tiempo nos contaste que te interesaba tener un eribebé en tu vida  pero ya no tuvimos más noticias ????\\r\\n\\r\\n¿Te gustaría continuar tu proceso?\\r\\n\\r\\n Contamos con planes de:\\r\\n? Apartado de $400 e ir pagando poco a poco (oxxo  transferencia  depósito)  se envía al liquidar. \\r\\n? Eribebés de envío inmediato y 3 meses sin intereses con tarjetas de crédito.\\r\\n\\r\\n ¿Qué te parece? Te puedo agregar un regalo especial en tu compra ????\"\"','NEUTRAL','','Erizoo México','Limpieza 1','No','FALSE',NULL,NULL,NULL,NULL),(18,18,'X','5212212417061','','','Anastasia de Sión','2023-03-23','16:52:43','2023-03-23','16:52:43','Hola erizoomexico.com estoy en Facebook y tengo la siguiente duda...\"\"','2023-07-04','17:47:39','Eso es de primero de primaria  saludos\"\"','NEUTRAL','','?? Erizoo México','Limpieza 2','No','FALSE',NULL,NULL,NULL,NULL),(19,7,'gabrielnl1482','5216395494847','','','Antonio Balderas','2022-03-30','11:38:50','2022-03-30','11:38:53','¡Hola!?? Tu mensaje es muy importante para nosotros. Te atenderemos en unos momentos. Tenemos un horario de L-V 8am -5 pm y Sábados 8 am- 1 pm Domingos y días festivos no laboramos.\\n?? *By Leadsales*\"\"','2022-04-05','12:51:57','Únicamente sería realizar el pedido en nuestra pagina web  ¿Qué te parece?\"\"','NEUTRAL','','Erizoo México','Limpieza 1','No','FALSE',NULL,NULL,NULL,NULL),(20,6,'Yabel Mejia','5216621042458','','','Juan Berra','2022-10-01','15:54:16','2022-10-01','15:54:17','Vi tu anuncio en Instagram.\"\"','2023-06-24','10:16:09','*Hola Eriamigo*  te escribo de erizoomexico.com ??\\nHace un tiempo nos contaste que te interesaba tener un eribebé en tu vida  pero ya no tuvimos más noticias ????\\n\\n*¿Te gustaría continuar tu proceso?*\\n\\n Contamos con planes de:\\n? Apartado de $400 e ir pagando poco a poco (oxxo  transferencia  depósito)  se envía al liquidar. \\n? Eribebés de envío inmediato y 3 meses sin intereses con tarjetas de crédito.\"\"','NEUTRAL','','Erizoo México','Limpieza 1','No','FALSE',NULL,NULL,NULL,NULL),(21,5,'monstergpc1993','5212462164186','','','Tadeo Rivera','2022-06-05','18:06:05','2022-06-05','18:06:08','Enlace:\\nhttps://fb.me/2vwZKk3HN\\n\\nMe interesa un Eribebé\"\"','2022-06-10','09:58:28','image\"\"','NEUTRAL','','Erizoo México','Limpieza 1','No','FALSE',NULL,NULL,NULL,NULL),(22,2,'','5213151067258','','','Samantha Romero','2023-04-09','20:25:55','2023-04-09','20:25:56','Precio\"\"','2023-06-30','15:03:07','A tus ordenes\"\"','NEUTRAL','','Erizoo México','Limpieza 1','No','FALSE',NULL,NULL,NULL,NULL),(23,8,'','5215567022953','','','Oscar Adrián Gutiérrez','2023-03-23','21:06:58','2023-03-23','21:06:59','Me interesa comprar un Eribebé\"\"','2023-04-01','09:39:13','Hola Eriamigo  te escribo de\\r\\nerizoomexico.com\\r\\n??\\r\\nHace un tiempo nos contaste que te interesaba tener un eribebé en tu vida  pero ya no tuvimos más noticias ????\\r\\n\\r\\n¿Te gustaría continuar tu proceso?\\r\\n\\r\\nContamos con planes de:\\r\\n? Apartado de $400 e ir pagando poco a poco (oxxo  transferencia  depósito)  se envía al liquidar.\\r\\n? Eribebés de envío inmediato y 3 meses sin intereses con tarjetas de crédito.\"\"','NEUTRAL','','Erizoo México','Limpieza 1','No','FALSE',NULL,NULL,NULL,NULL),(24,14,'','5213411355938','','','Andrés Fernández','2022-02-27','12:14:29','2022-02-27','12:14:30','¡Hola! Bienvenido a Erizoomexico.com ?? Tu mensaje es muy importante para nosotros. Te atenderemos en unos momentos. Tenemos un horario de L-V 8am -5 pm y Sábados 8 am- 1 pm Domingos y días festivos no laboramos ¡Visita nuestra página web  compras las 24 horas!\\n?? *By Leadsales*\"\"','2022-04-07','19:41:32','?? ¡Cumplimos 8 años! ??\\n¡Y los descuentos son para ti!  ??\\nCorre  valido en abril 2022 o hasta agotar existencias \\n\\n?? Cupón ANIVERSARIO $300 de descuento en Eribebés. \\n?? Cupón ERIZOO 15% de descuento en todos los accesorios y productos. \\n\\n¿Cómo hago válido el cupón? ???\\n1) Visita erizoomexico.com \\n2) Agrega todos los productos a tu carrito.\\n3) En la página de \\\"Carrito\\\" busca la caja de cupones.\\n4) Agrega el cupón y da clic en aplicar. \\n5) Disfruta de tus descuentos. \\n\\n\\n¿Te gustaría aprovechar?\"\"','NEUTRAL','','Erizoo México','Limpieza 1','No','FALSE',NULL,NULL,NULL,NULL),(25,15,'','5213316017194','','','Natalia Sánchez','2021-11-30','15:18:14','2021-11-30','15:18:15','¡Hola! Bienvenido a Erizoomexico.com ?? Tu mensaje es muy importante para nosotros. Te atenderemos en unos momentos. Tenemos un horario de L-V 9am -6 pm y S 9am-2pm Domingos y días festivos no laboramos ¡Visita nuestra página web  compras las 24 horas!\\n?? *By Leadsales*\"\"','2021-12-09','13:42:14','¿Ya conoces las PROMOCIONES NAVIDEÑAS? ??????\\n\\n?? $300 de descuento en eribebés. Cupón ERIBEBE.\\n?? 15% de descuento en todos los productos  alimentos y accesorios. Cupón NAVIDAD\\n\\n¿Qué te parece? ¿Te gustaría aprovecharlas? \\n\\nVálido del 6 al 27 de diciembre del 2021. Haz tu pedido en erizoomexico.com e introduce el cupón en la cajita habilitada en el carrito ??\"\"','NEUTRAL','','Erizoo México','Limpieza 1','No','FALSE',NULL,NULL,NULL,NULL),(26,12,'Angélica 22 sep PAU','5217715694033','Sin información','','Karla Mijares','2021-09-22','12:02:33','2021-09-22','12:02:34','Hola Erizoo México ¿Me puedes ayudar? Tengo una duda...\"\"','2021-09-29','09:34:36','Estamos al pendiente cualquier duda\"\"','NEUTRAL','','Erizoo México','Limpieza 1','No','FALSE',NULL,NULL,NULL,NULL),(27,13,'Gustavo','5215610045610','','','Gabriel Yunes','2023-03-18','18:06:15','2023-03-18','18:06:16','Hola  estoy en https://erizoomexico.com y tengo la siguiente duda:que diferencia hay entre un eribebe y un eriadulto\"\"','2023-07-08','09:43:47','image\"\"','NEUTRAL','','Erizoo México','Limpieza 1','No','FALSE',NULL,NULL,NULL,NULL),(28,13,'Reynoso','5212231149342','','','Gabriel Yunes','2023-01-02','20:50:07','2023-01-02','20:50:10','Sigue disponible?\"\"','2023-02-08','09:42:57','image\"\"','NEUTRAL','','Erizoo México','Limpieza 1','No','FALSE',NULL,NULL,NULL,NULL),(29,14,'','5219381242575','','','Andrés Fernández','2023-05-27','22:17:57','2023-05-27','22:17:58','Vi esto en Facebook...en cuanto sale el Erizoo\"\"','2023-06-01','12:01:16','Una disculpa  solo seria envio por paqueteria\"\"','NEUTRAL','','Erizoo México','Limpieza 2','No','FALSE',NULL,NULL,NULL,NULL),(30,15,'','5216562242889','','','Natalia Sánchez','2021-11-02','19:43:43','2021-11-02','19:43:44','Hola Erizoo ??  estaba en Instagram y tengo la siguiente pregunta....\"\"','2021-11-17','15:55:33','¡Hola humano! ??\\nLlegó el buen fin a Erizoomexico.com ??.  HOY 17 último día.\\n Aprovecha nuestras promociones ?? del 10 al 17 de noviembre con nuestro cupón ERIZOBUENFIN obtendrás $300 de descuento al adquirir a tu eribebé ??. \\nAdemás con el cupón BUENFIN estarás obteniendo el 20% de descuento en todos nuestros productos ??. \\n\\n¡No dejes pasar esta oportunidad! ??\\n¿Qué te parece? ¿Te gustaría aprovechar?\\nCuéntame todas tus dudas ?.\"\"','NEUTRAL','','Erizoo México','Limpieza 1','No','FALSE',NULL,NULL,NULL,NULL),(31,17,'','5213121079716','','','Karen García','2023-07-18','07:54:20','2023-07-18','07:54:21','¡Hola! Podrías darme más información de...\"\"','2023-07-20','11:05:26','image\"\"','NEUTRAL','','Erizoo México','Limpieza 1','No','FALSE',NULL,NULL,NULL,NULL),(32,2,'Estefanía','5213310126543','','','Samantha Romero','2023-04-11','13:24:30','2023-04-11','13:24:31','Hola  soy Paulina de la tienda erizoomexico.com ???? ¿Con quién tengo el gusto?\"\"','2023-06-29','13:28:36','Hola Eriamigo  te escribo de erizoomexico.com ??\\r\\nHace un tiempo nos contaste que te interesaba tener un eribebé en tu vida  pero ya no tuvimos más noticias ????\\r\\n\\r\\n¿Te gustaría continuar tu proceso?\\r\\n\\r\\n Contamos con planes de:\\r\\n? Apartado de $400 e ir pagando poco a poco (oxxo  transferencia  depósito)  se envía al liquidar. \\r\\n? Eribebés de envío inmediato y 3 meses sin intereses con tarjetas de crédito.\\r\\n\\r\\n ¿Qué te parece? Te puedo agregar un regalo especial en tu compra ????\"\"','NEUTRAL','','Erizoo México','Limpieza 1','No','FALSE',NULL,NULL,NULL,NULL),(33,6,'','5216674290369','','','Juan Berra','2023-04-18','08:43:25','2023-04-18','08:43:26','sticker\"\"','2023-04-24','10:31:44','image\"\"','NEUTRAL','','Erizoo México','Limpieza 1','No','FALSE',NULL,NULL,NULL,NULL),(34,9,'JAVIER','5216623536713','','','Justin Mahomes','2022-06-24','01:24:27','2022-06-24','01:24:28','Enlace:\\nhttps://fb.me/3hyUkZybB\\n\\nMe interesa un Eribebé\"\"','2022-07-16','09:34:22','¡Hola Eriamigo!???? \\r\\n\\r\\nTenemos dos promociones este mes en Eribebés y accesorios. \\r\\n\\r\\n? Regalo (Cojín de Pan  Paquete Voy al bañito o Playera fit de Erizoo) + $100 de descuento Cupón al comprar tu eribebé \\\"JULIO\\\"\\r\\n\\r\\n?? 10% de descuento en alimento  jaulas  productos de baño  ruedas y accesorios en compras mayores a $799 Cupón \\\"FUFUFU\\\".\\r\\n\\r\\nEl cupón lo colocas en tu carrito en erizoomexico.com al hacer tu pedido ¿Te gustaría aprovechar? ??\"\"','NEUTRAL','','Erizoo México','Limpieza 1','No','FALSE',NULL,NULL,NULL,NULL),(35,8,'','5218186713503','','','Oscar Adrián Gutiérrez','2023-05-29','11:26:23','2023-05-29','11:26:23','Vi esto en Facebook...\"\"','2023-06-02','10:31:04','image\"\"','NEUTRAL','','Erizoo México','Limpieza 1','No','FALSE',NULL,NULL,NULL,NULL),(36,7,'Jesus Mendez Mendez','5217712286852','','','Antonio Balderas','2023-06-21','09:41:36','2023-06-21','09:41:36','sticker\"\"','2023-07-10','11:27:00','Hola Eriamigo  te escribo de erizoomexico.com ??\\r\\nHace un tiempo nos contaste que te interesaba tener un eribebé en tu vida  pero ya no tuvimos más noticias ????\\r\\n\\r\\n¿Te gustaría continuar tu proceso?\\r\\n\\r\\n Contamos con planes de:\\r\\n? Apartado de $400 e ir pagando poco a poco (oxxo  transferencia  depósito)  se envía al liquidar. \\r\\n? Eribebés de envío inmediato y 3 meses sin intereses con tarjetas de crédito.\\r\\n\\r\\n ¿Qué te parece? Te puedo agregar un regalo especial en tu compra ????\"\"','NEUTRAL','','Erizoo México','Limpieza 1','No','FALSE',NULL,NULL,NULL,NULL),(37,4,'Re Saldaña','5215520510855','','','Hugo González','2022-09-17','10:54:18','2022-09-17','10:54:20','Vi esto en Instagram...\"\"','2023-06-30','09:41:20','*Hola Eriamigo*  te escribo de erizoomexico.com ??\\nHace un tiempo nos contaste que te interesaba tener un eribebé en tu vida  pero ya no tuvimos más noticias ????\\n\\n*¿Te gustaría continuar tu proceso?*\\n\\n Contamos con planes de:\\n? Apartado de $400 e ir pagando poco a poco (oxxo  transferencia  depósito)  se envía al liquidar. \\n? Eribebés de envío inmediato y 3 meses sin intereses con tarjetas de crédito.\"\"','NEUTRAL','','Erizoo México','Limpieza 1','No','FALSE',NULL,NULL,NULL,NULL),(38,1,'????','5214775067459','','','Luis Godínez','2023-03-13','10:29:13','2023-03-13','10:29:15','Hola  buen día. \\n\\nSoy Alex de erizoomexico.com una disculpa por la demora. Nuestro WhatsApp ha estado con retrasos. \\n\\n¿Con quién tengo el gusto? Cuéntame todas tus dudas\"\"','2023-06-07','08:56:22','*Hola Eriamigo*  te escribo de erizoomexico.com ??\\nHace un tiempo nos contaste que te interesaba tener un eribebé en tu vida  pero ya no tuvimos más noticias ????\\n\\n*¿Te gustaría continuar tu proceso?*\\n\\n Contamos con planes de:\\n? Apartado de $400 e ir pagando poco a poco (oxxo  transferencia  depósito)  se envía al liquidar. \\n? Eribebés de envío inmediato y 3 meses sin intereses con tarjetas de crédito.\"\"','NEUTRAL','','Erizoo México','Limpieza 1','No','FALSE',NULL,NULL,NULL,NULL),(39,6,'Bucles','5215637918299','','','Juan Berra','2023-02-22','12:05:34','2023-02-22','12:05:35','Me interesa comprar un Eribebé\"\"','2023-05-30','09:31:20','Hola Eriamigo  te escribo de erizoomexico.com ??\\r\\nHace un tiempo nos contaste que te interesaba tener un eribebé en tu vida  pero ya no tuvimos más noticias ????\\r\\n\\r\\n¿Te gustaría continuar tu proceso?\\r\\n\\r\\n Contamos con planes de:\\r\\n? Apartado de $400 e ir pagando poco a poco (oxxo  transferencia  depósito)  se envía al liquidar. \\r\\n? Eribebés de envío inmediato y 3 meses sin intereses con tarjetas de crédito.\\r\\n\\r\\n ¿Qué te parece? Te puedo agregar un regalo especial en tu compra ????\"\"','NEUTRAL','','Erizoo México','Limpieza 1','No','FALSE',NULL,NULL,NULL,NULL),(40,4,'Soobinista','5213141229701','','','Hugo González','2022-06-22','15:54:02','2022-06-22','15:54:03','Hola erizoomexico.com estoy en la página web y tengo la siguiente duda... Buenas tardes quisiera preguntar si vende erizos y a cuánto\"\"','2022-06-28','13:53:09','Hola  te escribo de\\r\\nerizoomexico.com\\r\\n?? porque hace unos días nos contaste que te interesaba tener un eribebé en tu vida. Contamos con planes de apartado de $400 e ir pagando poco a poco (oxxo  transferencia  depósito)  se envía al liquidar. También tenemos eribebés de envío inmediato y 3 meses sin intereses con tarjetas de crédito. También puedes pagar con Kueskipay en nuestra tienda a 6 quincenas sin intereses y sin tarjeta de crédito  sólo debes ser mayor de edad. ¿Qué te parece? Te puedo agregar un regalo especial\"\"','NEUTRAL','','Erizoo México','Limpieza 1','No','FALSE',NULL,NULL,NULL,NULL),(41,3,'Claudia Gamboa','5219843176376','','','Jorge Arturo Jaramillo','2022-10-10','18:51:38','2022-10-10','18:51:39','Hola  estoy en https://erizoomexico.com y tengo la siguiente duda:si compre un producto se puede pagar en oxxo\"\"','2022-10-19','11:21:30','Hola  buen día! si en un futuro deseas realizar un pedido en erizoomexico.com por favor me informas para agregarte un regalito. Saludos  quedo a tus órdenes.\"\"','NEUTRAL','','Erizoo México','Limpieza 1','No','FALSE',NULL,NULL,NULL,NULL),(42,3,'Jair Galicia Asesor','593999028183','','','Jorge Arturo Jaramillo','2023-07-17','13:58:03','2023-07-17','13:58:04','Hola  tengo una duda de este producto Paquete pareja Eribebés\"\"','2023-07-29','19:33:33','Gracias por comunicarte con Jair Galicia Asesor Educativo de la Universidad de las Americas. ¿Cómo podemos ayudarte?\"\"','NEUTRAL','','Erizoo México','Limpieza 1','No','FALSE',NULL,NULL,NULL,NULL),(43,3,'Ulises Becerril Romero','5215574626275','','','Jorge Arturo Jaramillo','2023-03-07','12:48:51','2023-03-07','12:48:52','Me interesa comprar un Eribebé\"\"','2023-06-01','16:13:31','Hola Eriamigo  te escribo de erizoomexico.com ??\\r\\nHace un tiempo nos contaste que te interesaba tener un eribebé en tu vida  pero ya no tuvimos más noticias ????\\r\\n\\r\\n¿Te gustaría continuar tu proceso?\\r\\n\\r\\n Contamos con planes de:\\r\\n? Apartado de $400 e ir pagando poco a poco (oxxo  transferencia  depósito)  se envía al liquidar. \\r\\n? Eribebés de envío inmediato y 3 meses sin intereses con tarjetas de crédito.\\r\\n\\r\\n ¿Qué te parece? Te puedo agregar un regalo especial en tu compra ????\"\"','NEUTRAL','','Erizoo México','Limpieza 1','No','FALSE',NULL,NULL,NULL,NULL),(44,3,'Astrid Ruiz','5213167553411','','','Jorge Arturo Jaramillo','2023-04-24','08:10:00','2023-04-24','08:10:06',':)\"\"','2023-04-24','08:10:32','Veo que son desparasitantes y sustrato\"\"','NEUTRAL','','Erizoo México','Presentación  dolor','Si','TRUE',NULL,NULL,NULL,NULL),(45,3,'','5213222923041','','','Jorge Arturo Jaramillo','2021-11-16','13:10:39','2021-11-16','13:10:39','hola\"\"','2021-11-24','16:37:59','Hola  te escribo de erizoomexico.com ?? porque hace un tiempo nos contaste que te interesaba tener un eribebé en tu vida.  Contamos con planes de apartado de $400 e ir pagando poco a poco  se envía al liquidar. También tenemos eribebés de envío inmediato y 3 meses sin intereses con tarjetas de crédito. ¿Qué te parece? Te puedo agregar un regalo especial \"\"','NEUTRAL','','Erizoo México','Limpieza 1','No','FALSE',NULL,NULL,NULL,NULL),(46,3,'O/G ?????19/09/22?????','5217761057775','','','Jorge Arturo Jaramillo','2023-01-03','22:45:55','2023-01-03','22:45:57','Hola Erizoo México  estoy en la página web y me interesa un ERIBEBÉ con las promociones NAVIDEÑAS\"\"','2023-04-21','13:36:26','Hola Eriamigo  te escribo de erizoomexico.com ??\\r\\nHace un tiempo nos contaste que te interesaba tener un eribebé en tu vida  pero ya no tuvimos más noticias ????\\r\\n\\r\\n¿Te gustaría continuar tu proceso?\\r\\n\\r\\n Contamos con planes de:\\r\\n? Apartado de $400 e ir pagando poco a poco (oxxo  transferencia  depósito)  se envía al liquidar. \\r\\n? Eribebés de envío inmediato y 3 meses sin intereses con tarjetas de crédito.\\r\\n\\r\\n ¿Qué te parece? Te puedo agregar un regalo especial en tu compra ????\"\"','NEUTRAL','','Erizoo México','Limpieza 1','No','FALSE',NULL,NULL,NULL,NULL),(47,3,'Alonso Herrera','5216566565014','','','Jorge Arturo Jaramillo','2023-01-03','08:57:02','2023-01-03','08:57:03','Hola Erizoo México  estoy en la página web y me interesa un ERIBEBÉ con las promociones NAVIDEÑAS\"\"','2023-01-14','09:07:40','Hola Eriamigo  te escribo de erizoomexico.com ??\\r\\nHace un tiempo nos contaste que te interesaba tener un eribebé en tu vida  pero ya no tuvimos más noticias ????\\r\\n\\r\\n¿Te gustaría continuar tu proceso?\\r\\n\\r\\n Contamos con planes de:\\r\\n? Apartado de $400 e ir pagando poco a poco (oxxo  transferencia  depósito)  se envía al liquidar. \\r\\n? Eribebés de envío inmediato y 3 meses sin intereses con tarjetas de crédito.\\r\\n\\r\\n ¿Qué te parece? Te puedo agregar un regalo especial en tu compra ????\"\"','NEUTRAL','','Erizoo México','Limpieza 1','No','FALSE',NULL,NULL,NULL,NULL),(48,3,'Edgar','5212711590464','','','Jorge Arturo Jaramillo','2022-09-19','12:21:58','2022-09-19','12:21:59','Me interesa comprar un Eribebé\"\"','2022-09-20','08:15:38','???\"\"','NEUTRAL','','Erizoo México','Otros','No','FALSE',NULL,NULL,NULL,NULL),(49,3,'#41000 Juan Pablo Alvarez Aguilar','5216651360073','','','Jorge Arturo Jaramillo','2021-12-15','14:24:15','2021-12-15','14:24:15','¡Hola! Bienvenido a Erizoomexico.com ?? Tu mensaje es muy importante para nosotros. Te atenderemos en unos momentos. Tenemos un horario de L-V 9am -6 pm y S 9am-2pm Domingos y días festivos no laboramos ¡Visita nuestra página web  compras las 24 horas!\\n?? *By Leadsales*\"\"','2023-04-07','10:15:33','¿Comenzamos con tu pedido?\"\"','NEUTRAL','','Erizoo México','Limpieza 1','No','FALSE',NULL,NULL,NULL,NULL),(50,3,'MontielOne','5218713490565','','','Jorge Arturo Jaramillo','2023-07-30','09:42:36','2023-07-30','09:42:37','¡Hola! Podrías darme más información de...\"\"','2023-07-30','17:07:11','Ya conoces los precios y los colores?\"\"','NEUTRAL','','Erizoo México','Limpieza 1','No','FALSE',NULL,NULL,NULL,NULL),(51,3,'.','5212293388912','','','Jorge Arturo Jaramillo','2023-08-08','17:08:43','2023-08-08','17:08:45','¡Hola! Podrías darme más información de...\"\"','2023-08-08','18:31:47','¿Qué te parece? Tengo opciones de compra ????\"\"','NEUTRAL','','Erizoo México','Precios  Incluye','No','FALSE',NULL,NULL,NULL,NULL),(52,3,'','34657442426','','','Jorge Arturo Jaramillo','2022-01-03','13:58:04','2022-01-03','13:58:04','¡Hola! Bienvenido a Erizoomexico.com ?? Tu mensaje es muy importante para nosotros. Te atenderemos en unos momentos. Tenemos un horario de L-V 9am -6 pm y S 9am-2pm Domingos y días festivos no laboramos ¡Visita nuestra página web  compras las 24 horas!\\n?? *By Leadsales*\"\"','2022-01-26','15:43:25','No sé hacerlo\"\"','NEUTRAL','','Erizoo México','Internacionales','No','FALSE',NULL,NULL,NULL,NULL),(53,3,'Martín Utrilla.','5219651369383','','','Jorge Arturo Jaramillo','2023-03-12','14:59:01','2023-03-12','14:59:02','Hola Erizoo México estoy en la página web y me interesa comprar UN ERIBEBÉ\"\"','2023-03-16','09:11:31','image\"\"','NEUTRAL','','Erizoo México','Limpieza 1','No','FALSE',NULL,NULL,NULL,NULL),(54,3,'Adrix','5215559038140','','','Jorge Arturo Jaramillo','2023-01-04','12:23:25','2023-01-04','12:23:27','Hola Erizoo México  estoy en la página web y me interesan ACCESORIOS con las promociones NAVIDEÑAS\"\"','2023-01-10','15:18:36','Hola  buen día  recuerda que en erizoomexico.com encuentras todos los productos para tu eribebé. Usando el cupón CONSIENTEME recibes $50 de descuento en tu primera compra. Contamos con envios y llegan directo a tu domicilio. Si tienes una duda  avísame.\"\"','NEUTRAL','','Erizoo México','Limpieza accesorios','No','FALSE',NULL,NULL,NULL,NULL),(55,3,'Erizo 7 Agosto 2020','5215510035165','','','Jorge Arturo Jaramillo','2022-08-15','18:05:10','2022-08-15','18:05:12','Me interesa comprar un Eribebé\"\"','2022-09-06','17:57:45','Eri-amigo  estas son las *PROMOCIONES DE SEPTIEMBRE* en erizoomexico.com  ??????\\r\\n\\r\\n?? *Cupón SEPTIEMBRE* $300 de descuento en machitos.\\r\\n?? *Cupón ERIGRITO* descuento de 15% en alimento  productos de cuidado  hábitats y todos los accesorios. \\r\\n\\r\\n*PASOS*\\r\\n1?? Agrega a tu carrito todo lo que necesitas.\\r\\n2?? Agrega el cupón en la página del carrito.\\r\\n3?? Da clic en aplicar Cupón y finaliza la compra. \\r\\n\\r\\n¿Hacemos tu pedido? ??????\"\"','NEUTRAL','','Erizoo México','Limpieza 1','No','FALSE',NULL,NULL,NULL,NULL),(56,3,'','5216644513251','','','Jorge Arturo Jaramillo','2021-09-12','18:27:13','2021-09-12','18:27:16','Hola Erizoo ??  estaba en Instagram y tengo la siguiente pregunta....\"\"','2021-09-24','11:23:46','image\"\"','NEUTRAL','','Erizoo México','Limpieza 1','No','FALSE',NULL,NULL,NULL,NULL),(57,3,'??','5215554974011','','','Jorge Arturo Jaramillo','2022-10-01','16:05:45','2022-10-01','16:05:46','Me interesa comprar un Eribebé\"\"','2023-06-13','09:59:46','Hola  bonito día ??? Te escribo de erizoomexico.com ??\\n\\nAnteriormente habías preguntado sobre los Erizos Bebés pero ya no continuó la conversación. Por ello te escribo para saber si tienes alguna duda o te puedo ayudar en algo ?? ¿Continuamos con tu pedido?\"\"','NEUTRAL','','Erizoo México','Limpieza 1','No','FALSE',NULL,NULL,NULL,NULL),(58,3,'Sergio','5214442452100','','','Jorge Arturo Jaramillo','2022-10-30','12:16:16','2022-10-30','12:16:18','Hola  muchas gracias por comunicarte con nosotros ??\\nSomos erizoomexico.com y petciosos.com ¿Cómo te puedo ayudar?\"\"','2022-12-28','20:15:25','¿Qué te parece? ??\"\"','NEUTRAL','','Erizoo México','Limpieza 1','No','FALSE',NULL,NULL,NULL,NULL),(59,3,'','5214792211296','','','Jorge Arturo Jaramillo','2023-04-23','09:17:37','2023-04-23','09:17:38','Que costo tiene\"\"','2023-05-02','13:15:52','image\"\"','NEUTRAL','','Erizoo México','Limpieza 1','No','FALSE',NULL,NULL,NULL,NULL),(60,3,'.','5217713305548','','','Jorge Arturo Jaramillo','2022-07-28','17:16:10','2022-07-28','17:16:11','Hola  estoy en https://erizoomexico.com y tengo la siguiente duda:\"\"','2022-08-02','15:27:21','Hola Eri-amigo  te comparto las promociones de Agosto en erizoomexico.com ??\\n\\nCupón AGOSTO Placa térmica de regalo en machitos o $329 de descuento. ???\\n\\nREFUGIOS descuento de 10% en el refugio cuevita  saquito  piña y tienda.??\\n\\nAgrega los productos a tu carrito y en la caja de cupones escribe el cupón. Avísame si tienes alguna duda enviando captura de pantalla.\"\"','NEUTRAL','','Erizoo México','Limpieza 1','No','FALSE',NULL,NULL,NULL,NULL),(61,3,'','5217221066324','','','Jorge Arturo Jaramillo','2023-07-05','06:51:53','2023-07-05','06:51:54','¡Hola! Podrías darme más información de...\"\"','2023-07-17','07:34:18','image\"\"','NEUTRAL','','Erizoo México','Limpieza 1','No','FALSE',NULL,NULL,NULL,NULL),(62,3,'??','5213931323905','','','Jorge Arturo Jaramillo','2022-08-30','13:13:53','2022-08-30','13:13:55','Vi esto en Facebook...\"\"','2022-10-27','13:00:53','image\"\"','NEUTRAL','','Erizoo México','Limpieza 1','No','FALSE',NULL,NULL,NULL,NULL),(63,3,'????Ø?? ','5212212037240','','','Jorge Arturo Jaramillo','2022-05-16','23:46:08','2022-05-16','23:46:10','Enlace:\\nhttps://fb.me/1VBTteocd\\n\\nMe interesa un Eribebé\"\"','2022-06-08','11:45:32','https://wp20.ru/s047225836/\"\"','NEUTRAL','','Erizoo México','Limpieza 1','No','FALSE',NULL,NULL,NULL,NULL),(64,3,'Gael Espinosa','5217298473153','','','Jorge Arturo Jaramillo','2023-01-04','11:41:21','2023-01-04','11:41:22','Me interesa comprar un Eribebé\"\"','2023-01-18','08:26:21','Tenemos tres sucursales de paquetería donde puedes recoger a tu eribebé en cdmx. Son centrales de autobus  viaja por envios primera plus. Hemos realizado más de 10 mil envíos con ellos. Son nuestros socios comerciales y nos garantizan un traslado rápido (5 horas) y seguro.\\n\\nCentral norte  observatorio y Coapa. ¿Cuál te queda mejor?\"\"','NEUTRAL','','Erizoo México','Limpieza 1','No','FALSE',NULL,NULL,NULL,NULL),(65,3,'Nms','5217441808709','','','Jorge Arturo Jaramillo','2022-11-03','15:25:23','2022-11-03','15:25:25','Hola Erizoo México  estaba en Facebook y me interesa más información\"\"','2023-06-12','12:32:36','image\"\"','NEUTRAL','','Erizoo México','Limpieza 1','No','FALSE',NULL,NULL,NULL,NULL),(66,3,'','5212217313794','','','Jorge Arturo Jaramillo','2023-07-11','08:02:37','2023-07-11','08:02:39','¡Hola! Podrías darme más información de...\"\"','2023-07-19','10:37:26','image\"\"','NEUTRAL','','Erizoo México','Limpieza 1','No','FALSE',NULL,NULL,NULL,NULL),(67,3,'hoilmaytiani','5219811065049','','','Jorge Arturo Jaramillo','2023-08-08','11:13:16','2023-08-08','11:13:18','Hola erizoomexico.com quiero comprar un ERIBEBÉ\"\"','2023-08-08','11:24:59','¿Comenamos con el proceso?\"\"','NEUTRAL','','Erizoo México','Formas de pago  proceso','No','FALSE',NULL,NULL,NULL,NULL),(68,3,'Lagos','5215582018124','','','Jorge Arturo Jaramillo','2023-02-20','15:59:10','2023-02-20','15:59:10','Me interesan accesorios para mi Eribebé\"\"','2023-03-05','09:33:39','Hola Eriamigo  te escribo de\\r\\nerizoomexico.com\\r\\n??\\r\\nHace un tiempo nos contaste que te interesaba tener un eribebé en tu vida  pero ya no tuvimos más noticias ????\\r\\n\\r\\n¿Te gustaría continuar tu proceso?\\r\\n\\r\\nContamos con planes de:\\r\\n? Apartado de $400 e ir pagando poco a poco (oxxo  transferencia  depósito)  se envía al liquidar.\\r\\n? Eribebés de envío inmediato y 3 meses sin intereses con tarjetas de crédito.\\r\\n\\r\\n¿Qué te parece? Te puedo agregar un regalo especial en tu compra ????\"\"','NEUTRAL','','Erizoo México','Limpieza 1','No','FALSE',NULL,NULL,NULL,NULL),(69,3,'','5214773503336','','','Jorge Arturo Jaramillo','2023-05-07','15:11:06','2023-05-07','15:11:07','Vi esto en Facebook...\"\"','2023-05-20','16:05:57','Hola Eriamigo  te escribo de erizoomexico.com ??\\nHace un tiempo nos contaste que te interesaba tener un eribebé en tu vida  pero ya no tuvimos más noticias ????\\n\\n¿Te gustaría continuar tu proceso?\\n\\n Contamos con planes de:\\n? Apartado de $400 e ir pagando poco a poco (oxxo  transferencia  depósito)  se envía al liquidar. \\n? Eribebés de envío inmediato y 3 meses sin intereses con tarjetas de crédito.\"\"','NEUTRAL','','Erizoo México','Limpieza 1','No','FALSE',NULL,NULL,NULL,NULL),(70,5,'Dulce Esquivel ??','5214492804011','','','Tadeo Rivera','2022-08-16','10:25:29','2022-08-16','10:25:29','Me interesa comprar un Eribebé\"\"','2022-09-12','10:25:28','image\"\"','NEUTRAL','','Erizoo México','Limpieza 1','No','FALSE',NULL,NULL,NULL,NULL),(71,3,'Melitza','5217775071831','undefined','','Jorge Arturo Jaramillo','2021-06-20','19:09:27','2021-06-20','19:09:29','Hola Erizoo México ¿Me puedes ayudar? Tengo una duda...\"\"','2021-08-17','09:42:19','image\"\"','NEUTRAL','','Erizoo México','Limpieza 1','No','FALSE',NULL,NULL,NULL,NULL),(72,10,'24724 Pedro Garza Rodriguez','5218112165022','pgarza_77@hotmail.com','','Pedro Nodal','2021-06-24','16:13:00','2021-06-28','12:46:17','¡Hola! Soy un asesor de Erizoo México ??                                                                                                                                                       Hace tiempo adquiriste productos para tu Eribebé con nosotros. ¿Cómo se encuentra tu Eribebé????? ¿En este momento ocupas que te enviemos algo? Tenemos envíos a domicilio en todo México\"\"','2021-06-28','12:46:23','?? Te comparto nuestro catálogo. Todas tus compras tienen regalo  tenemos eribebés disponibles  paquetes de eribebé + accesorios y accesorios por separado. \\n\\nCualquier duda avísame ??? Link: https://bit.ly/3zeMT3V\"\"','NEUTRAL','','Erizoo México','Cliente Accesorios','No','TRUE',NULL,NULL,NULL,NULL),(73,3,'Miriam','5215579237326','','','Jorge Arturo Jaramillo','2022-08-18','14:27:31','2022-08-18','14:27:31','Hola  estoy en https://erizoomexico.com/categoria-producto/paquetes/eribebe-accesorios y tengo la siguiente duda:\"\"','2022-08-23','12:18:43','¿Gustas que te marque? ¿O a que hora te parece bien?\"\"','NEUTRAL','','Erizoo México','Limpieza 1','No','FALSE',NULL,NULL,NULL,NULL),(74,11,'Mayra Ruiz Morales','5217772092083','','','Diana Ramírez','2023-05-14','22:34:46','2023-05-14','22:34:46','Hola buena noche\"\"','2023-06-06','10:27:44','image\"\"','NEUTRAL','','Erizoo México','Limpieza 1','No','FALSE',NULL,NULL,NULL,NULL),(75,3,'','5214425459292','','','Jorge Arturo Jaramillo','2021-09-17','14:40:00','2021-09-17','14:40:00','Hola  estoy en https://erizoomexico.com y tengo la siguiente duda:\"\"','2021-09-27','12:48:21','image\"\"','NEUTRAL','','Erizoo México','Limpieza 1','No','FALSE',NULL,NULL,NULL,NULL),(76,11,'#32191 María José Tejeda Villasana','5214778801372','undefined','','Diana Ramírez','2021-07-09','18:34:12','2021-07-09','18:34:13','Hola Erizoo México! Vi su insta story para traer a cada un erizo?? qué tengo que hacer?\"\"','2022-04-18','16:24:20','image\"\"','NEUTRAL','','Erizoo México','Cliente Accesorios','No','FALSE',NULL,NULL,NULL,NULL),(77,3,'??Cristobal??','5217711942926','','','Jorge Arturo Jaramillo','2022-08-18','06:48:10','2022-08-18','06:48:11','Me interesa comprar un Eribebé\"\"','2023-06-14','09:00:24','Hola  bonito día ??? Te escribo de erizoomexico.com ??\\n\\nAnteriormente habías preguntado sobre los Erizos Bebés pero ya no continuó la conversación. Por ello te escribo para saber si tienes alguna duda o te puedo ayudar en algo ?? ¿Continuamos con tu pedido?\"\"','NEUTRAL','','Erizoo México','Limpieza 1','No','FALSE',NULL,NULL,NULL,NULL),(78,14,'','5215617463429','','','Andrés Fernández','2021-07-14','19:19:38','2021-07-14','19:19:39','Hola me das información por favor\"\"','2021-08-10','19:20:56','¡Hola eriamigo! ??\\r\\n\\r\\nMe gustaría regalarte un cupón  es AGOSTO  lo puedes usar en tu carrito en erizoomexico.com y te da $100 de DESCUENTO y un Kilo de alimento GRATIS al pedir tu eribebe machito y será sólo durante este mes.\\r\\n\\r\\n También aplica en apartado que liquiden en este mes ¿Hacemos tu pedido para aprovechar?\"\"','NEUTRAL','','Erizoo México','Limpieza 1','No','FALSE',NULL,NULL,NULL,NULL),(79,3,'Juan Ramón González Álvar','5213328212290','','','Jorge Arturo Jaramillo','2022-09-26','20:10:18','2022-09-26','20:10:19','Hola  estoy en https://erizoomexico.com y tengo la siguiente duda:cuánto cuesta un erizo\"\"','2022-10-20','15:31:37','Claro que si  que te recuperes ????\"\"','NEUTRAL','','Erizoo México','Limpieza 1','No','FALSE',NULL,NULL,NULL,NULL),(80,3,'Gestoría Licencias?????????','5217341871479','','','Jorge Arturo Jaramillo','2022-04-21','23:04:34','2022-04-21','23:04:35','Hola Erizoomexico.com estaba en Facebook y tengo esta duda...\"\"','2022-05-06','11:45:53','¡Hola  en\\r\\nerizoomexico.com\\r\\ntenemos un regalo en cualquiera de tus compras (eribebé  productos o paquetes) ! ??\\r\\n\\r\\nRecuerda que puedes apartar con solo $400 e ir pagando poco a poco dependiendo a tu ritmo.\\r\\nO si prefieres  usa el cupón ANDREA en tu pedido de eribebe o paquete de eribebe de accesorios y recibe $100 de descuento. ¿Te gustaría continuar con tu proceso? ???\"\"','NEUTRAL','','Erizoo México','Limpieza 1','No','FALSE',NULL,NULL,NULL,NULL),(81,18,'Jesus','5215614163703','','','Anastasia de Sión','2023-03-20','13:47:00','2023-03-20','13:47:02','Hola erizoomexico.com quiero comprar un ERIBEBÉ\"\"','2023-03-29','10:49:57','*Erizoo México cumple 10 Años*\\nTenemos grandes sorpresas para ti.\\n\\nUsa los cupones en erizoomexico.com \\n*ERI15* ?? 15% en Accesorios \\n*Eri400* ?? $400 en Eribebés \\n\\nPor cada $500 tendrás un boleto para participar en una dinámica donde podrás ganar un Eribebé ??.\\n\\nValido del 28 de marzo al 30 de abril del 2023. No válido con otras promociones.\"\"','NEUTRAL','','Erizoo México','Limpieza 1','No','FALSE',NULL,NULL,NULL,NULL),(82,3,'Vane','5214681349755','','','Jorge Arturo Jaramillo','2022-08-13','23:35:41','2022-08-13','23:35:43','Me interesa comprar un Eribebé\"\"','2022-09-06','17:58:44','Eri-amigo  estas son las *PROMOCIONES DE SEPTIEMBRE* en erizoomexico.com  ??????\\r\\n\\r\\n?? *Cupón SEPTIEMBRE* $300 de descuento en machitos.\\r\\n?? *Cupón ERIGRITO* descuento de 15% en alimento  productos de cuidado  hábitats y todos los accesorios. \\r\\n\\r\\n*PASOS*\\r\\n1?? Agrega a tu carrito todo lo que necesitas.\\r\\n2?? Agrega el cupón en la página del carrito.\\r\\n3?? Da clic en aplicar Cupón y finaliza la compra. \\r\\n\\r\\n¿Hacemos tu pedido? ??????\"\"','NEUTRAL','','Erizoo México','Limpieza 1','No','FALSE',NULL,NULL,NULL,NULL),(83,3,'sof lop .m','5218333356984','','','Jorge Arturo Jaramillo','2022-04-12','18:27:14','2022-04-12','18:27:15','Hola Alex  estaba en Youtube y tengo una duda... ??\"\"','2022-04-19','10:13:18','image\"\"','NEUTRAL','','Erizoo México','Limpieza 1','No','FALSE',NULL,NULL,NULL,NULL),(84,3,'','5214774106029','','','Jorge Arturo Jaramillo','2023-04-06','15:50:44','2023-04-06','15:50:46','¡Hola! Gracias por comunicarte con nosotros. \\nUn asesor te estará brindando soporte cuanto antes.\\n\\nPuedes visitar erizoomexico.com y realizar tu compra de forma automática 24/7.\\n\\nNuestros horarios de atención son de Lunes a Viernes de 8 am a 5 pm  sábados de 8 am a 1 pm. Domingos y días festivos no laboramos.\"\"','2023-04-18','08:42:13','Muy bien :)\"\"','NEUTRAL','','Erizoo México','Limpieza 1','No','FALSE',NULL,NULL,NULL,NULL),(85,3,'Pedro Mora','5216621468857','','','Jorge Arturo Jaramillo','2022-09-12','16:11:27','2022-09-12','16:16:22','Hola  soy Paulina de la tienda erizoomexico.com ???? ¿Con quién tengo el gusto?\"\"','2023-05-03','08:07:29','¿Qué color te gustaría que fuera tu eribebé? ?? ¿Qué te parece todo?\"\"','NEUTRAL','','Erizoo México','Limpieza 1','No','TRUE',NULL,NULL,NULL,NULL),(86,3,'','5215564031656','','','Jorge Arturo Jaramillo','2023-07-12','18:33:44','2023-07-12','18:33:44','¡Hola! Podrías darme más información de... precios\"\"','2023-07-17','11:18:34','image\"\"','NEUTRAL','','Erizoo México','Limpieza 1','No','FALSE',NULL,NULL,NULL,NULL),(87,3,'22677 Danna Ximena Rivera Herbert','5218461139445','','','Jorge Arturo Jaramillo','2021-06-24','16:11:21','2021-06-28','17:08:31','Hola  mi nombre es Pablo  hace tiempo adquiriste un eribebé con nosotros  te escribimos para ver como esta ? y\\r\\n\\r\\n?? Compartirte nuestro catálogo. RECORDARTE Todas tus compras tienen regalo  tenemos eribebés disponibles  paquetes de eribebé + accesorios y accesorios por separado.\\r\\n\\r\\nCualquier duda avísame ??? Link: https://bit.ly/3zeMT3V\"\"','2022-04-18','15:58:02','image\"\"','NEUTRAL','','Erizoo México','Cliente Accesorios','No','TRUE',NULL,NULL,NULL,NULL),(88,3,'','5215565139168','','','Jorge Arturo Jaramillo','2021-09-07','12:11:12','2021-09-07','12:11:13','Hola Erizoo ??  estaba en Instagram y tengo la siguiente pregunta....\"\"','2021-09-11','10:51:38','¡Hola  tenemos un regalo en cualquiera de tus compras (eribebé  productos o paquetes) ! ??\\n\\nRecuerda que puedes apartar con solo $400 e ir pagando poco a poco dependiendo a tu ritmo.\\n\\n¿Te gustaría continuar con tu proceso? ???\"\"','NEUTRAL','','Erizoo México','Limpieza 1','No','FALSE',NULL,NULL,NULL,NULL),(89,3,'AN Uriel Ramirez','5215577584458','Sin email','','Jorge Arturo Jaramillo','2021-11-25','11:49:26','2021-11-25','11:49:27','¡Hola! Bienvenido a Erizoomexico.com ?? Tu mensaje es muy importante para nosotros. Te atenderemos en unos momentos. Tenemos un horario de L-V 9am -6 pm y S 9am-2pm Domingos y días festivos no laboramos ¡Visita nuestra página web  compras las 24 horas!\\n?? *By Leadsales*\"\"','2021-12-11','09:57:36','¿Ya conoces las PROMOCIONES NAVIDEÑAS? ??????\\n\\n?? $300 de descuento en eribebés. Cupón ERIBEBE.\\n?? 15% de descuento en todos los productos  alimentos y accesorios. Cupón NAVIDAD\\n\\n¿Qué te parece? ¿Te gustaría aprovecharlas? \\n\\nVálido del 6 al 27 de diciembre del 2021. Haz tu pedido en erizoomexico.com e introduce el cupón en la cajita habilitada en el carrito ??\"\"','NEUTRAL','','?? Erizoo México','Limpieza 1','No','FALSE',NULL,NULL,NULL,NULL),(90,3,'Emmanuel Cruz','5219995623592','','','Jorge Arturo Jaramillo','2022-05-30','07:55:37','2022-05-30','07:55:38','???\"\"','2022-05-31','12:01:46','????????????\"\"','NEUTRAL','','Erizoo México','Otros','No','FALSE',NULL,NULL,NULL,NULL),(91,3,'juanmaldo3710','5217771489082','','','Jorge Arturo Jaramillo','2022-08-31','13:34:30','2022-08-31','13:34:31','Medas informes\"\"','2022-12-14','20:13:49','image\"\"','NEUTRAL','','Erizoo México','Limpieza 1','No','FALSE',NULL,NULL,NULL,NULL),(92,3,'Xul@','5213148726797','','','Jorge Arturo Jaramillo','2022-04-25','13:38:06','2022-04-25','13:38:07','Hola Alex  estaba en Youtube y tengo una duda... ??\"\"','2022-04-28','12:20:42','image\"\"','NEUTRAL','','Erizoo México','Limpieza 1','No','FALSE',NULL,NULL,NULL,NULL),(93,3,'Fernanda 9 dic PAU','5215529428465','','','Jorge Arturo Jaramillo','2021-12-09','11:00:46','2021-12-09','11:00:48','¡Hola! Bienvenido a Erizoomexico.com ?? Tu mensaje es muy importante para nosotros. Te atenderemos en unos momentos. Tenemos un horario de L-V 9am -6 pm y S 9am-2pm Domingos y días festivos no laboramos ¡Visita nuestra página web  compras las 24 horas!\\n?? *By Leadsales*\"\"','2022-04-06','11:44:32','image\"\"','NEUTRAL','','Erizoo México','Limpieza 2','No','FALSE',NULL,NULL,NULL,NULL),(94,3,'Isai Herrera... ??','5212711477129','','','Jorge Arturo Jaramillo','2022-10-19','09:14:24','2022-10-19','09:14:25','Buen día disculpe que los moleste\"\"','2023-03-17','08:58:41','¿Te gustaría consentir a tu mascota?  ??\\r\\nEn petciosos.com tenemos todo para tu mejor amigo ??\\r\\nUsa el cupón MARZO en tu carrito y recibe 10% de descuento en todos los productos para tu petcioso \\r\\n\\r\\nVálido sólo durante el mes de marzo del 2023.\"\"','NEUTRAL','','Petciosos Menudeo','Limpieza 1','No','FALSE',NULL,NULL,NULL,NULL),(95,3,'??','5212464602763','','','Jorge Arturo Jaramillo','2023-06-16','13:30:50','2023-06-16','13:30:51','Hola erizoomexico.com quiero comprar ACCESORIOS para mi eribebé\"\"','2023-07-03','10:27:12','Hola Eriamigo  te escribo de erizoomexico.com ??\\r\\nHace un tiempo nos contaste que te interesaba tener un eribebé en tu vida  pero ya no tuvimos más noticias ????\\r\\n\\r\\n¿Te gustaría continuar tu proceso?\\r\\n\\r\\n Contamos con planes de:\\r\\n? Apartado de $400 e ir pagando poco a poco (oxxo  transferencia  depósito)  se envía al liquidar. \\r\\n? Eribebés de envío inmediato y 3 meses sin intereses con tarjetas de crédito.\\r\\n\\r\\n ¿Qué te parece? Te puedo agregar un regalo especial en tu compra ????\"\"','NEUTRAL','','Erizoo México','Limpieza 1','No','FALSE',NULL,NULL,NULL,NULL),(96,8,'Valcolors','','','','Oscar Adrián Gutiérrez','2022-03-15','16:20:37','1969-12-31','18:00:00','\"','1969-12-31','18:00:00','\"','NEUTRAL','','Petciosos','Limpieza 2','No','FALSE',NULL,NULL,NULL,NULL),(97,9,'Angie','5212941094300','','','Justin Mahomes','2022-07-01','12:57:26','2022-07-01','12:57:26','Enlace:\\nhttps://fb.me/5lRmcZ1Pg\\n\\nMe interesa un Eribebé\"\"','2022-07-12','13:03:14','image\"\"','NEUTRAL','','Erizoo México','Limpieza 1','No','FALSE',NULL,NULL,NULL,NULL),(98,5,'?????????? ????????????','5216561828669','','','Tadeo Rivera','2022-02-25','19:46:33','2022-02-25','19:46:33','¡Hola! Bienvenido a Erizoomexico.com ?? Tu mensaje es muy importante para nosotros. Te atenderemos en unos momentos. Tenemos un horario de L-V 8am -5 pm y Sábados 8 am- 1 pm Domingos y días festivos no laboramos ¡Visita nuestra página web  compras las 24 horas!\\n?? *By Leadsales*\"\"','2022-03-05','10:33:02','image\"\"','NEUTRAL','','Erizoo México','Limpieza 1','No','FALSE',NULL,NULL,NULL,NULL),(99,6,'Dania','5215581058799','Sin información','','Juan Berra','2021-09-17','07:28:29','2021-09-17','07:28:30','Hola Erizoo ??  estaba en Instagram y tengo la siguiente pregunta....\"\"','2021-10-11','13:25:25','image\"\"','NEUTRAL','','Erizoo México','Limpieza 1','No','FALSE',NULL,NULL,NULL,NULL),(100,7,'Gadiel','5218715996429','','','Antonio Balderas','2022-06-04','11:48:06','2022-06-04','11:48:09','Enlace:\\nhttps://fb.me/1Envr6UyF\"\"','2022-06-14','12:03:52','image\"\"','NEUTRAL','','Erizoo México','Limpieza 1','No','FALSE',NULL,NULL,NULL,NULL),(101,NULL,'naruby','5218333245872','','','','2022-09-22','22:08:39','2022-09-22','22:09:12','Hola mucho gusto soy Monse de la tienda erizoomexico.com????\\nPuedes comentarme todas tus dudas\"\"','2022-09-26','18:57:59',':D\"\"','NEUTRAL','','Erizoo México','Limpieza 1','No','TRUE','','','',NULL);
/*!40000 ALTER TABLE `lead` ENABLE KEYS */;
UNLOCK TABLES;

--
-- Table structure for table `privilegio_rol`
--

DROP TABLE IF EXISTS `privilegio_rol`;
/*!40101 SET @saved_cs_client     = @@character_set_client */;
/*!50503 SET character_set_client = utf8mb4 */;
CREATE TABLE `privilegio_rol` (
  `IDPrivilegio` int unsigned NOT NULL,
  `IDRol` int unsigned NOT NULL,
  `Activo` tinyint DEFAULT NULL,
  PRIMARY KEY (`IDPrivilegio`,`IDRol`),
  KEY `IDRol_idx` (`IDRol`),
  CONSTRAINT `IDPrivilegio_PrivilegioRolFK` FOREIGN KEY (`IDPrivilegio`) REFERENCES `privilegios` (`IDPrivilegio`),
  CONSTRAINT `IDRol_PrivilegioRolFK` FOREIGN KEY (`IDRol`) REFERENCES `rol` (`IDRol`)
) ENGINE=InnoDB DEFAULT CHARSET=utf8mb3 COLLATE=utf8mb3_spanish2_ci;
/*!40101 SET character_set_client = @saved_cs_client */;

--
-- Dumping data for table `privilegio_rol`
--

LOCK TABLES `privilegio_rol` WRITE;
/*!40000 ALTER TABLE `privilegio_rol` DISABLE KEYS */;
INSERT INTO `privilegio_rol` VALUES (1,1,1),(1,2,1),(1,3,1),(2,1,1),(2,2,1),(3,1,1),(3,2,1),(3,3,1),(4,1,1),(4,2,1),(4,3,1),(5,1,1),(5,2,1),(6,1,1),(6,2,1),(6,3,1),(7,1,1),(7,2,1),(7,3,1),(8,1,1),(8,2,1),(8,3,1),(9,1,1),(9,2,1),(9,3,1),(10,1,1),(10,2,1),(11,1,1),(12,1,1),(13,1,1),(14,1,1),(14,2,1),(15,1,1),(16,1,1),(17,1,1),(17,2,1),(17,3,1),(18,1,1),(18,2,1),(19,1,1),(19,2,1),(24,1,1),(24,2,1),(25,1,1),(25,2,1),(25,3,1),(26,1,1),(26,2,1),(27,1,1),(27,2,1),(28,1,1),(28,2,1),(29,1,1),(29,2,1),(29,3,1),(30,3,1),(31,3,1),(32,3,1),(33,3,1);
/*!40000 ALTER TABLE `privilegio_rol` ENABLE KEYS */;
UNLOCK TABLES;

--
-- Table structure for table `privilegios`
--

DROP TABLE IF EXISTS `privilegios`;
/*!40101 SET @saved_cs_client     = @@character_set_client */;
/*!50503 SET character_set_client = utf8mb4 */;
CREATE TABLE `privilegios` (
  `IDPrivilegio` int unsigned NOT NULL AUTO_INCREMENT,
  `Descripcion` varchar(128) CHARACTER SET utf8mb4 COLLATE utf8mb4_0900_ai_ci NOT NULL,
  PRIMARY KEY (`IDPrivilegio`)
) ENGINE=InnoDB AUTO_INCREMENT=34 DEFAULT CHARSET=utf8mb3 COLLATE=utf8mb3_spanish2_ci;
/*!40101 SET character_set_client = @saved_cs_client */;

--
-- Dumping data for table `privilegios`
--

LOCK TABLES `privilegios` WRITE;
/*!40000 ALTER TABLE `privilegios` DISABLE KEYS */;
INSERT INTO `privilegios` VALUES (1,'Autentica usuario.'),(2,'Genera reporte todos.'),(3,'Exporta el reporte.'),(4,'Recupera contraseña.'),(5,'Crea lead todos.'),(6,'Consulta lead.'),(7,'Modifica lead.'),(8,'Elimina lead.'),(9,'Consulta FAQ.'),(10,'Consulta directorio todos.'),(11,'Registra cuenta de usuario.'),(12,'Elimina cuenta de usuario.'),(13,'Crea rol.'),(14,'Consulta roles.'),(15,'Modifica rol.'),(16,'Elimina rol.'),(17,'Cambia contraseña de usuario.'),(18,'Registra asignación de rol a usuario.'),(19,'Registra asignación de permiso a rol.'),(20,'Crea permiso.'),(21,'Consulta permiso.'),(22,'Modifica permiso.'),(23,'Elimina permiso.'),(24,'Consulta historial todos.'),(25,'Consulta reporte en el historial.'),(26,'Importa datos de leads.'),(27,'Exporta datos de leads.'),(28,'Consulta usuarios.'),(29,'Cerrar sesión.'),(30,'Genera reporte propios.'),(31,'Crea lead propios.'),(32,'Consulta directorio propios.'),(33,'Consulta historial propios.');
/*!40000 ALTER TABLE `privilegios` ENABLE KEYS */;
UNLOCK TABLES;

--
-- Table structure for table `reporte`
--

DROP TABLE IF EXISTS `reporte`;
/*!40101 SET @saved_cs_client     = @@character_set_client */;
/*!50503 SET character_set_client = utf8mb4 */;
CREATE TABLE `reporte` (
  `IDReporte` int unsigned NOT NULL AUTO_INCREMENT,
  `IDUsuario` int unsigned NOT NULL,
  `Fecha` date NOT NULL,
  `Descripcion` varchar(128) CHARACTER SET utf8mb3 COLLATE utf8mb3_general_ci NOT NULL,
  `Liga` blob NOT NULL,
  PRIMARY KEY (`IDReporte`),
  KEY `IDUsuario_idx` (`IDUsuario`),
  CONSTRAINT `IDUsuario_ReporteFK` FOREIGN KEY (`IDUsuario`) REFERENCES `usuario` (`IDUsuario`)
) ENGINE=InnoDB AUTO_INCREMENT=51 DEFAULT CHARSET=utf8mb3 COLLATE=utf8mb3_spanish2_ci;
/*!40101 SET character_set_client = @saved_cs_client */;

--
-- Dumping data for table `reporte`
--

LOCK TABLES `reporte` WRITE;
/*!40000 ALTER TABLE `reporte` DISABLE KEYS */;
INSERT INTO `reporte` VALUES (1,3,'2024-01-22','Leads promedio 1er trimestre 2024',''),(2,4,'2024-01-23','Leads de 2023',''),(3,5,'2024-01-24','Leads archivados',''),(4,6,'2024-01-25','Leads urgentes del primer trimestre 2022',''),(5,11,'2024-01-26','Leads a Diana Ramírez',''),(6,14,'2024-01-27','Leads noviembre 2023',''),(7,16,'2024-01-28','Leads por compañía 2023',''),(8,18,'2024-01-29','Leads de Nestle enero-junio 2022',''),(9,20,'2024-01-30','Reporte anual 2020',''),(10,2,'2024-01-31','Primer semestre 2023',''),(11,7,'2024-02-01','Primer bimestre 2024',''),(12,9,'2024-02-02','Leads por administrador',''),(13,13,'2024-02-03','Leads importantes 2023',''),(14,2,'2024-02-04','Leads archivados 2024',''),(15,4,'2024-02-05','Leads congelados 2024',''),(16,9,'2024-02-06','Compañías atendidas 2023',''),(17,10,'2024-02-07','Compañías atendidas diciembre 23 - enero 24',''),(18,11,'2024-02-08','Leads en semana santa 2022',''),(19,15,'2024-02-09','Leads urgentes semana santa 2023',''),(20,17,'2024-02-10','Leads promedio por mes 2023',''),(21,18,'2024-02-11','Leads promedio por día enero - junio 2022',''),(22,20,'2024-02-12','Leads asignados por seller',''),(23,19,'2024-02-13','Leads asignador por admin ',''),(24,16,'2024-02-14','Leads asignados a Sarahí Pérez',''),(25,11,'2024-02-15','Leads en enero de 2025',''),(26,12,'2024-02-16','Leads de 2023',''),(27,14,'2024-02-17','Leads archivados',''),(28,5,'2024-02-18','Leads urgentes del primer trimestre 2023',''),(29,8,'2024-02-19','Leads a Diana Ramírez',''),(30,7,'2024-02-20','Leads noviembre 2024',''),(31,9,'2024-02-21','Leads por compañía 2024',''),(32,4,'2024-02-22','Leads de Nestle enero-junio 2023',''),(33,6,'2024-02-23','Reporte anual 2021',''),(34,2,'2024-02-24','Primer semestre 2024',''),(35,3,'2024-02-25','Tercer bimestre 2023',''),(36,2,'2024-02-26','Leads por administrador',''),(37,8,'2024-02-27','Leads importantes 2024',''),(38,7,'2024-02-28','Leads archivados 2021',''),(39,4,'2024-02-29','Leads congelados 2021',''),(40,6,'2024-03-01','Compañías atendidas 2024',''),(41,15,'2024-03-02','Compañías atendidas invierno 2024',''),(42,16,'2024-03-03','Leads en semana santa 2023',''),(43,17,'2024-03-04','Leads urgentes semana santa 2024',''),(44,18,'2024-03-05','Leads promedio por mes 2024',''),(45,19,'2024-03-06','Leads promedio por día enero - junio 2023',''),(46,11,'2024-03-07','Leads asignados por seller',''),(47,10,'2024-03-08','Leads asignador por admin ',''),(48,13,'2024-03-09','Leads asignados a Sarahí Pérez',''),(49,14,'2024-03-10','Leads en febrero 2020',''),(50,15,'2024-03-11','Leads de primavera 2023','');
/*!40000 ALTER TABLE `reporte` ENABLE KEYS */;
UNLOCK TABLES;

--
-- Table structure for table `reporte_lead`
--

DROP TABLE IF EXISTS `reporte_lead`;
/*!40101 SET @saved_cs_client     = @@character_set_client */;
/*!50503 SET character_set_client = utf8mb4 */;
CREATE TABLE `reporte_lead` (
  `IDReporte` int unsigned NOT NULL,
  `IDLead` int unsigned NOT NULL,
  PRIMARY KEY (`IDReporte`,`IDLead`),
  KEY `IDLead_idx` (`IDLead`),
  CONSTRAINT `IDLead_ReporteLeadFK` FOREIGN KEY (`IDLead`) REFERENCES `lead` (`IDLead`),
  CONSTRAINT `IDReporte_ReporteLeadFK` FOREIGN KEY (`IDReporte`) REFERENCES `reporte` (`IDReporte`)
) ENGINE=InnoDB DEFAULT CHARSET=utf8mb3 COLLATE=utf8mb3_spanish2_ci;
/*!40101 SET character_set_client = @saved_cs_client */;

--
-- Dumping data for table `reporte_lead`
--

LOCK TABLES `reporte_lead` WRITE;
/*!40000 ALTER TABLE `reporte_lead` DISABLE KEYS */;
INSERT INTO `reporte_lead` VALUES (1,1),(3,1),(1,2),(1,3),(2,3),(5,3),(1,4),(3,4),(2,5),(5,8),(1,10),(5,14),(5,15),(6,15),(2,17),(4,19),(5,19),(4,20),(3,22),(5,22),(3,24),(2,27),(4,27),(1,32),(5,33),(3,34),(5,36),(4,38),(3,39),(3,41),(2,45),(6,46),(3,48),(3,49),(4,49),(3,51),(4,53),(1,54),(3,55),(1,66),(1,68),(3,68),(1,69),(5,69),(6,78),(1,80),(6,85),(5,87),(6,99);
/*!40000 ALTER TABLE `reporte_lead` ENABLE KEYS */;
UNLOCK TABLES;

--
-- Table structure for table `rol`
--

DROP TABLE IF EXISTS `rol`;
/*!40101 SET @saved_cs_client     = @@character_set_client */;
/*!50503 SET character_set_client = utf8mb4 */;
CREATE TABLE `rol` (
  `IDRol` int unsigned NOT NULL AUTO_INCREMENT,
  `Nombre` varchar(32) CHARACTER SET utf8mb4 COLLATE utf8mb4_0900_ai_ci NOT NULL,
  `DescripcionRol` varchar(128) CHARACTER SET utf8mb3 COLLATE utf8mb3_spanish2_ci NOT NULL,
  `FechaHoraEliminado` timestamp NULL DEFAULT NULL,
  PRIMARY KEY (`IDRol`)
) ENGINE=InnoDB AUTO_INCREMENT=5 DEFAULT CHARSET=utf8mb3 COLLATE=utf8mb3_spanish2_ci;
/*!40101 SET character_set_client = @saved_cs_client */;

--
-- Dumping data for table `rol`
--

LOCK TABLES `rol` WRITE;
/*!40000 ALTER TABLE `rol` DISABLE KEYS */;
INSERT INTO `rol` VALUES (1,'Owner','Encargado general de Leadtics.',NULL),(2,'Administrador','Administra cuentas de usuarios, leads y archivos.',NULL),(3,'Seller','Usuario que genera y consulta reportes y leads propios.',NULL),(4,'Coordinador','Analiza y administra leads y reportes de un proyecto específico.',NULL);
/*!40000 ALTER TABLE `rol` ENABLE KEYS */;
UNLOCK TABLES;

--
-- Table structure for table `sesion`
--

DROP TABLE IF EXISTS `sesion`;
/*!40101 SET @saved_cs_client     = @@character_set_client */;
/*!50503 SET character_set_client = utf8mb4 */;
CREATE TABLE `sesion` (
  `IDSesion` int unsigned NOT NULL AUTO_INCREMENT,
  `IDUsuario` int unsigned NOT NULL,
  `FechaHoraInicio` timestamp NOT NULL DEFAULT CURRENT_TIMESTAMP,
  `FechaHoraFin` timestamp NULL DEFAULT NULL,
  PRIMARY KEY (`IDSesion`),
  KEY `IDUsuario_idx` (`IDUsuario`),
  CONSTRAINT `IDUsuario_SesionFK` FOREIGN KEY (`IDUsuario`) REFERENCES `usuario` (`IDUsuario`)
) ENGINE=InnoDB AUTO_INCREMENT=23 DEFAULT CHARSET=utf8mb4 COLLATE=utf8mb4_spanish2_ci;
/*!40101 SET character_set_client = @saved_cs_client */;

--
-- Dumping data for table `sesion`
--

LOCK TABLES `sesion` WRITE;
/*!40000 ALTER TABLE `sesion` DISABLE KEYS */;
INSERT INTO `sesion` VALUES (1,1,'2024-04-10 00:03:20','2024-04-10 02:45:03'),(2,1,'2024-04-10 00:07:48','2024-04-10 02:45:03'),(3,1,'2024-04-10 00:09:10','2024-04-10 02:45:03'),(4,1,'2024-04-10 00:12:01','2024-04-10 02:45:03'),(5,1,'2024-04-10 00:59:41','2024-04-10 02:45:03'),(6,1,'2024-04-10 02:34:31','2024-04-10 02:45:03'),(7,7,'2024-04-10 02:45:15','2024-04-11 18:30:37'),(8,7,'2024-04-10 02:54:02','2024-04-11 18:30:37'),(9,1,'2024-04-10 17:43:10','2024-04-10 21:09:09'),(10,1,'2024-04-10 17:51:52','2024-04-10 21:09:09'),(11,1,'2024-04-10 18:06:50','2024-04-10 21:09:09'),(12,1,'2024-04-10 18:41:40','2024-04-10 21:09:09'),(13,1,'2024-04-10 19:10:07','2024-04-10 21:09:09'),(14,1,'2024-04-10 19:17:16','2024-04-10 21:09:09'),(15,2,'2024-04-10 21:11:39','2024-04-10 21:12:00'),(16,7,'2024-04-10 21:12:18','2024-04-11 18:30:37'),(17,1,'2024-04-10 21:45:26',NULL),(18,1,'2024-04-10 22:21:41',NULL),(19,7,'2024-04-11 16:54:36','2024-04-11 18:30:37'),(20,7,'2024-04-11 18:29:04','2024-04-11 18:30:37'),(21,2,'2024-04-11 18:31:23',NULL),(22,2,'2024-04-11 18:33:27',NULL);
/*!40000 ALTER TABLE `sesion` ENABLE KEYS */;
UNLOCK TABLES;

--
-- Table structure for table `usuario`
--

DROP TABLE IF EXISTS `usuario`;
/*!40101 SET @saved_cs_client     = @@character_set_client */;
/*!50503 SET character_set_client = utf8mb4 */;
CREATE TABLE `usuario` (
  `IDUsuario` int unsigned NOT NULL AUTO_INCREMENT,
  `Nombre` varchar(64) CHARACTER SET utf8mb3 COLLATE utf8mb3_general_ci NOT NULL,
  `ApellidoPaterno` varchar(32) CHARACTER SET utf8mb3 COLLATE utf8mb3_general_ci NOT NULL,
  `ApellidoMaterno` varchar(32) CHARACTER SET utf8mb3 COLLATE utf8mb3_spanish2_ci DEFAULT NULL,
  `Correo` varchar(128) CHARACTER SET utf8mb3 COLLATE utf8mb3_general_ci NOT NULL,
  `Password` varchar(512) CHARACTER SET utf8mb3 COLLATE utf8mb3_general_ci NOT NULL,
  `Telefono` varchar(16) CHARACTER SET utf8mb3 COLLATE utf8mb3_general_ci NOT NULL,
  `Domicilio` varchar(256) CHARACTER SET utf8mb3 COLLATE utf8mb3_general_ci DEFAULT NULL,
  `FechaHoraEliminado` timestamp NULL DEFAULT NULL,
  PRIMARY KEY (`IDUsuario`)
) ENGINE=InnoDB AUTO_INCREMENT=21 DEFAULT CHARSET=utf8mb3 COLLATE=utf8mb3_spanish2_ci;
/*!40101 SET character_set_client = @saved_cs_client */;

--
-- Dumping data for table `usuario`
--

LOCK TABLES `usuario` WRITE;
/*!40000 ALTER TABLE `usuario` DISABLE KEYS */;
INSERT INTO `usuario` VALUES (1,'Luis','Godínez','Caballero','luis.godc@gmail.com','Luis789%','4425164879','Av. Reforma #456, Roma Norte',NULL),(2,'Samantha','Romero','Padilla','sam.romp@gmail.com','Sam514&','4421035697','Calle 16 de Septiembre #111, La Paz',NULL),(3,'Jorge Arturo','Jaramillo','Hernández','jorge.jarh@gmail.com','Jorge469/','4425498732','Av. Insurgentes Norte #1010, Lindavista',NULL),(4,'Hugo','González','Becerro','hugogonb@gmail.com','Hugo736*','4420189730','Calle 5 de Mayo #321, Colonia Centro',NULL),(5,'Tadeo','Rivera','Guerra','tadeus.rg@hotmail.com','ters_0912','4483201456','Calle Miguel Ángel de Quevedo #789, Coyoacán',NULL),(6,'Juan ','Berra','Jiménez','juanbeji@gmail.com','Jdeb&%','4615287412','Av. Juárez #567, La Paz',NULL),(7,'Antonio','Balderas','Murieta','antobalm@gmail.com','Anton517?','4443659782','Av. Tecnológico #222, San Pablo',NULL),(8,'Oscar Adrián','Gutiérrez','Camacho','oscadguca@gmail.com','FEJ/ds','4235980017','Calle Hidalgo #101, La Cruz',NULL),(9,'Justin','Mahomes','','justinmah@hotmail.com','Justin476/','5874126985','Av. Insurgentes Sur #1234, Condesa',NULL),(10,'Pedro','Nodal','Buen Rostro','pednobr@gmail.com','Ped7364%','4129850367','Calle Reforma #567, Juárez',NULL),(11,'Diana','Ramírez','Espitia','dianarae@gmail.com','Gjrh46/5','5520698741','Paseo de la Reforma #789, Polanco',NULL),(12,'Karla','Mijares','Landa','karlamila@gmail.com','Jdev3/4%','5526987487','Av. Tlalpan #1010, Colonia Del Valle',NULL),(13,'Gabriel','Yunes','Nava','gabyuna@hotmail.com','Gabr9388*','4612059874','Blvd. Atlixco #901, La Noria',NULL),(14,'Andrés','Fernández','de Los Santos','andrfels@gmail.com','And5361#','4425699874','Av. Universidad #2020, El Pueblito',NULL),(15,'Natalia','Sánchez','Chavero','natsancha@gmail.com','Nat3654Hd','4659870258','Av. Chapultepec #4321, Colonia Americana',NULL),(16,'Sarahí','Pérez','Almada','sarpeal@gmail.com','Jshe/039','4128730658','Calle López Mateos #678, Providencia',NULL),(17,'Karen','García','Toledo','kargart@gmail.com','KArT520/','4156289741','Av. Vallarta #901, Arcos Vallarta',NULL),(18,'Anastasia','de Sión','Ávila','anasdesa@gmail.com','#hfrR$','5892035877','Av. Constituyentes #123, Colonia Centro',NULL),(19,'Yaretzia','Martínez','Arce','yarmara@hotmail.com','Gmsk$/(','5412203698','Calle Zaragoza #456, Reforma Agraria',NULL),(20,'Ana Cecilia','Ruiz','Gómez','anacerug@gmail.com','(GJRn*)','5523690157','Blvd. Bernardo Quintana #789, Juriquilla',NULL);
/*!40000 ALTER TABLE `usuario` ENABLE KEYS */;
UNLOCK TABLES;

--
-- Table structure for table `usuario_rol`
--

DROP TABLE IF EXISTS `usuario_rol`;
/*!40101 SET @saved_cs_client     = @@character_set_client */;
/*!50503 SET character_set_client = utf8mb4 */;
CREATE TABLE `usuario_rol` (
  `IDUsuario` int unsigned NOT NULL,
  `IDRol` int unsigned NOT NULL,
  `FechaHoraInicio` timestamp NOT NULL DEFAULT CURRENT_TIMESTAMP,
  `FechaHoraFin` timestamp NULL DEFAULT NULL,
  PRIMARY KEY (`IDUsuario`,`IDRol`),
  KEY `IDRol_idx` (`IDRol`),
  CONSTRAINT `IDRol_UsuarioRolFK` FOREIGN KEY (`IDRol`) REFERENCES `rol` (`IDRol`),
  CONSTRAINT `IDUsuario_UsuarioRolFK` FOREIGN KEY (`IDUsuario`) REFERENCES `usuario` (`IDUsuario`)
) ENGINE=InnoDB DEFAULT CHARSET=utf8mb3 COLLATE=utf8mb3_spanish2_ci;
/*!40101 SET character_set_client = @saved_cs_client */;

--
-- Dumping data for table `usuario_rol`
--

LOCK TABLES `usuario_rol` WRITE;
/*!40000 ALTER TABLE `usuario_rol` DISABLE KEYS */;
INSERT INTO `usuario_rol` VALUES (1,1,'2024-04-05 04:07:27',NULL),(2,2,'2024-04-05 04:07:27',NULL),(3,2,'2024-04-05 04:07:27',NULL),(4,2,'2024-04-05 04:07:27',NULL),(5,2,'2024-04-05 04:07:27',NULL),(6,2,'2024-04-05 04:07:27',NULL),(7,3,'2024-04-05 04:07:27',NULL),(8,3,'2024-04-05 04:07:27',NULL),(9,3,'2024-04-05 04:07:27',NULL),(10,3,'2024-04-05 04:07:27',NULL),(11,3,'2024-04-05 04:07:27',NULL),(12,3,'2024-04-05 04:07:27',NULL),(13,3,'2024-04-05 04:07:27',NULL),(14,3,'2024-04-05 04:07:27',NULL),(15,3,'2024-04-05 04:07:27',NULL),(16,3,'2024-04-05 04:07:27',NULL),(17,3,'2024-04-05 04:07:27',NULL),(18,3,'2024-04-05 04:07:27',NULL),(19,3,'2024-04-05 04:07:27',NULL),(20,3,'2024-04-05 04:07:27',NULL);
/*!40000 ALTER TABLE `usuario_rol` ENABLE KEYS */;
UNLOCK TABLES;
/*!40103 SET TIME_ZONE=@OLD_TIME_ZONE */;

/*!40101 SET SQL_MODE=@OLD_SQL_MODE */;
/*!40014 SET FOREIGN_KEY_CHECKS=@OLD_FOREIGN_KEY_CHECKS */;
/*!40014 SET UNIQUE_CHECKS=@OLD_UNIQUE_CHECKS */;
/*!40101 SET CHARACTER_SET_CLIENT=@OLD_CHARACTER_SET_CLIENT */;
/*!40101 SET CHARACTER_SET_RESULTS=@OLD_CHARACTER_SET_RESULTS */;
/*!40101 SET COLLATION_CONNECTION=@OLD_COLLATION_CONNECTION */;
/*!40111 SET SQL_NOTES=@OLD_SQL_NOTES */;

-- Dump completed on 2024-04-12  8:15:34
